{
	"credit": "Made with Blockbench",
	"texture_size": [64, 64],
	"textures": {
		"0": "block/pumpkin",
		"particle": "block/pumpkin"
	},
	"elements": [
		{
			"from": [10, 8, 0],
			"to": [13, 12, 1],
			"faces": {
				"north": {"uv": [6, 11.25, 6.75, 12.25], "texture": "#0"},
				"east": {"uv": [11.75, 2.25, 12, 3.25], "texture": "#0"},
				"south": {"uv": [6.75, 11.25, 7.5, 12.25], "texture": "#0"},
				"west": {"uv": [11.75, 3.25, 12, 4.25], "texture": "#0"},
				"up": {"uv": [12.25, 8, 11.5, 7.75], "texture": "#0"},
				"down": {"uv": [12.25, 8, 11.5, 8.25], "texture": "#0"}
			}
		},
		{
			"from": [0, 0, 0],
			"to": [16, 1, 16],
			"faces": {
				"north": {"uv": [5, 11, 9, 11.25], "texture": "#0"},
				"east": {"uv": [11, 8.25, 15, 8.5], "texture": "#0"},
				"south": {"uv": [11, 8.5, 15, 8.75], "texture": "#0"},
				"west": {"uv": [11, 8.75, 15, 9], "texture": "#0"},
				"up": {"uv": [4, 4, 0, 0], "texture": "#0"},
				"down": {"uv": [4, 4, 0, 8], "texture": "#0"}
			}
		},
		{
			"from": [0, 1, 1],
			"to": [1, 12, 16],
			"faces": {
				"north": {"uv": [9, 11.25, 9.25, 14], "texture": "#0"},
				"east": {"uv": [0, 8, 3.75, 10.75], "texture": "#0"},
				"south": {"uv": [9.25, 11.25, 9.5, 14], "texture": "#0"},
				"west": {"uv": [8, 0, 11.75, 2.75], "texture": "#0"},
				"up": {"uv": [5.25, 15, 5, 11.25], "texture": "#0"},
				"down": {"uv": [5.5, 11.25, 5.25, 15], "texture": "#0"}
			}
		},
		{
			"from": [15, 1, 1],
			"to": [16, 12, 16],
			"faces": {
				"north": {"uv": [9.5, 11.25, 9.75, 14], "texture": "#0"},
				"east": {"uv": [8, 2.75, 11.75, 5.5], "texture": "#0"},
				"south": {"uv": [9.75, 11.25, 10, 14], "texture": "#0"},
				"west": {"uv": [3.75, 8, 7.5, 10.75], "texture": "#0"},
				"up": {"uv": [5.75, 15, 5.5, 11.25], "texture": "#0"},
				"down": {"uv": [6, 11.25, 5.75, 15], "texture": "#0"}
			}
		},
		{
			"from": [1, 1, 15],
			"to": [15, 12, 16],
			"faces": {
				"north": {"uv": [8, 5.5, 11.5, 8.25], "texture": "#0"},
				"east": {"uv": [10, 11.25, 10.25, 14], "texture": "#0"},
				"south": {"uv": [7.5, 8.25, 11, 11], "texture": "#0"},
				"west": {"uv": [10.25, 11.25, 10.5, 14], "texture": "#0"},
				"up": {"uv": [14.5, 10, 11, 9.75], "texture": "#0"},
				"down": {"uv": [14.5, 10, 11, 10.25], "texture": "#0"}
			}
		},
		{
			"from": [0, 12, 0],
			"to": [16, 13, 16],
			"faces": {
				"north": {"uv": [9, 11, 13, 11.25], "texture": "#0"},
				"east": {"uv": [11, 9, 15, 9.25], "texture": "#0"},
				"south": {"uv": [11, 9.25, 15, 9.5], "texture": "#0"},
				"west": {"uv": [11, 9.5, 15, 9.75], "texture": "#0"},
				"up": {"uv": [8, 4, 4, 0], "texture": "#0"},
				"down": {"uv": [8, 4, 4, 8], "texture": "#0"}
			}
		},
		{
			"from": [0, 1, 0],
			"to": [3, 12, 1],
			"faces": {
				"north": {"uv": [2, 10.75, 2.75, 13.5], "texture": "#0"},
				"east": {"uv": [10.5, 11.25, 10.75, 14], "texture": "#0"},
				"south": {"uv": [2.75, 10.75, 3.5, 13.5], "texture": "#0"},
				"west": {"uv": [10.75, 11.25, 11, 14], "texture": "#0"},
				"up": {"uv": [12.5, 5.5, 11.75, 5.25], "texture": "#0"},
				"down": {"uv": [12.5, 10.25, 11.75, 10.5], "texture": "#0"}
			}
		},
		{
			"from": [13, 1, 0],
			"to": [16, 12, 1],
			"faces": {
				"north": {"uv": [3.5, 10.75, 4.25, 13.5], "texture": "#0"},
				"east": {"uv": [11, 11.25, 11.25, 14], "texture": "#0"},
				"south": {"uv": [4.25, 10.75, 5, 13.5], "texture": "#0"},
				"west": {"uv": [11.25, 11.25, 11.5, 14], "texture": "#0"},
				"up": {"uv": [12.5, 10.75, 11.75, 10.5], "texture": "#0"},
				"down": {"uv": [12.5, 10.75, 11.75, 11], "texture": "#0"}
			}
		},
		{
			"from": [3, 1, 0],
			"to": [6, 4, 1],
			"faces": {
				"north": {"uv": [11, 10.25, 11.75, 11], "texture": "#0"},
				"east": {"uv": [12, 0, 12.25, 0.75], "texture": "#0"},
				"south": {"uv": [11.5, 5.5, 12.25, 6.25], "texture": "#0"},
				"west": {"uv": [12, 0.75, 12.25, 1.5], "texture": "#0"},
				"up": {"uv": [12.75, 1.75, 12, 1.5], "texture": "#0"},
				"down": {"uv": [12.75, 1.75, 12, 2], "texture": "#0"}
			}
		},
		{
			"from": [10, 1, 0],
			"to": [13, 4, 1],
			"faces": {
				"north": {"uv": [11.5, 6.25, 12.25, 7], "texture": "#0"},
				"east": {"uv": [12, 2, 12.25, 2.75], "texture": "#0"},
				"south": {"uv": [11.5, 7, 12.25, 7.75], "texture": "#0"},
				"west": {"uv": [12, 2.75, 12.25, 3.5], "texture": "#0"},
				"up": {"uv": [12.75, 3.75, 12, 3.5], "texture": "#0"},
				"down": {"uv": [12.75, 3.75, 12, 4], "texture": "#0"}
			}
		},
		{
			"from": [6, 3, 0],
			"to": [10, 12, 1],
			"faces": {
				"north": {"uv": [0, 10.75, 1, 13], "texture": "#0"},
				"east": {"uv": [11.5, 11.25, 11.75, 13.5], "texture": "#0"},
				"south": {"uv": [1, 10.75, 2, 13], "texture": "#0"},
				"west": {"uv": [11.75, 0, 12, 2.25], "texture": "#0"},
				"up": {"uv": [6, 11, 5, 10.75], "texture": "#0"},
				"down": {"uv": [7, 10.75, 6, 11], "texture": "#0"}
			}
		},
		{
			"from": [3, 8, 0],
			"to": [6, 12, 1],
			"faces": {
				"north": {"uv": [7.5, 11.25, 8.25, 12.25], "texture": "#0"},
				"east": {"uv": [11.75, 4.25, 12, 5.25], "texture": "#0"},
				"south": {"uv": [8.25, 11.25, 9, 12.25], "texture": "#0"},
				"west": {"uv": [11.75, 11.25, 12, 12.25], "texture": "#0"},
				"up": {"uv": [12.75, 4.25, 12, 4], "texture": "#0"},
				"down": {"uv": [12.75, 4.25, 12, 4.5], "texture": "#0"}
			}
		}
	],
	"display": {
		"thirdperson_righthand": {
			"translation": [-0.25, -0.25, -0.5],
			"scale": [0.26, 0.26, 0.26]
		},
		"thirdperson_lefthand": {
			"scale": [0.26, 0.26, 0.26]
		},
		"firstperson_righthand": {
			"scale": [0.26, 0.26, 0.26]
		},
		"firstperson_lefthand": {
			"scale": [0.26, 0.26, 0.26]
		},
		"ground": {
			"scale": [0.26, 0.26, 0.26]
		},
		"gui": {
			"rotation": [180, 0, 180],
			"translation": [0, 0.75, 0],
			"scale": [0.87, 0.84, 0.83]
		},
		"head": {
			"translation": [0, 1.75, 0.25],
			"scale": [0.91797, 0.99414, 0.88477]
		},
		"fixed": {
			"scale": [0.59, 0.59, 0.59]
		}
	},
	"groups": [
		{
			"name": "group",
			"origin": [0, 0, 0],
			"color": 0,
			"children": [0, 1, 2, 3, 4, 5, 6, 7, 8, 9, 10, 11]
		}
	]
}